seed,val_mse,test_mse,learned_k,lambda_phys
2,0.4224377689509932,0.44505849507680506,0.00011279384489171207,1.0
