seed,val_mse,test_mse,learned_k,lambda_phys
0,0.4584303104554157,0.5003832065022028,0.00011249767703702673,5.0
