seed,val_mse,test_mse,learned_k,lambda_phys
4,0.47467595399442936,0.5421642620802538,0.00011194046237505972,1.0
