seed,val_mse,test_mse,learned_k,lambda_phys
4,0.4471534243536329,0.5153944795121775,0.00011232691758777946,5.0
