seed,val_mse,test_mse,learned_k,lambda_phys
2,0.6043668623202116,0.6452835021916963,0.00011290264228591695,0.1
