seed,val_mse,test_mse,learned_k,lambda_phys
4,0.41562566136385615,0.46903372569008034,0.00011243601329624653,0.1
