seed,val_mse,test_mse,learned_k,lambda_phys
3,0.5241547570884071,0.550405986434336,0.0001120792148867622,1.0
