seed,val_mse,test_mse,learned_k,lambda_phys
2,0.5085548150010101,0.5341185549712453,0.00011270127288298681,5.0
