seed,val_mse,test_mse,learned_k,lambda_phys
1,0.40798891176023927,0.45714795073512243,0.00011257152073085308,5.0
