seed,val_mse,test_mse,learned_k,lambda_phys
3,0.34263879183291973,0.34566432979260997,0.00011233441182412207,0.1
