seed,val_mse,test_mse,learned_k,lambda_phys
1,0.5611881116765274,0.6284498151616631,0.00011235037527512759,1.0
