seed,val_mse,test_mse,learned_k,lambda_phys
3,0.46406694386261965,0.4883583211291122,0.0001120509987231344,5.0
