seed,val_mse,test_mse,learned_k,lambda_phys
0,0.47785256331100445,0.5304216352443774,0.00011209290096303448,0.1
