seed,val_mse,test_mse,learned_k,lambda_phys
1,0.5294885180258271,0.5763810927558394,0.0001123841357184574,0.1
