seed,val_mse,test_mse,learned_k,lambda_phys
0,0.4353085704349887,0.4713825288498391,0.00011203187750652432,1.0
